sample,X_value,Y_value
sample1,1.005079,4.594642
sample2,1.128478,4.328122
sample3,2.117881,0.726845
sample4,0.955626,4.385907
sample5,-1.35402,2.769449
sample6,-1.07295,2.627009
sample7,-2.0375,3.048606
sample8,2.354083,0.856632
sample9,2.14404,0.964399
sample10,1.166288,4.273516
